{
  "local_cost.w_span": 17.755762024843968,
  "local_cost.w_high": 6.739377744444225,
  "local_cost.w_string_range": 3.2783179804074076,
  "local_cost.w_preferred_zone": -7.4670015700456975,
  "local_cost.w_high_string": 12.76055182386131,
  "local_cost.w_open_bonus": 3.7489460419715996,
  "string_discontinuity.w_holes": 10.597119907005347,
  "string_discontinuity.w_gap": 2.8310342012724576,
  "string_discontinuity.w_blocks": 12.371388695376202,
  "transition_cost.w_jump": 0.2812390764492268,
  "transition_cost.jump_power": 1.1036210345222779,
  "transition_cost.jump_threshold_penalty": 8.458718106888824,
  "transition_cost.w_avg_jump": 0.12038429275760879,
  "transition_cost.avg_jump_power": 1.0596136486608105,
  "transition_cost.w_string_center": 0.09015102825101456,
  "transition_cost.close_jump_threshold": 5.924313925887342,
  "transition_cost.close_jump_bonus": -4.582889625653571,
  "transition_cost.w_span_change": 4.824772654781786,
  "transition_cost.w_streak": 4.595161138373599,
  "transition_cost.rest_enter_penalty": 1.9566419299078572,
  "transition_cost.rest_exit_penalty": 1.2309623831340462,
  "transition_cost.w_same_string_bonus": -4.903907270379957,
  "transition_cost.w_string_jump": 10.054624232379886,
  "tapping.w_tap_activation": 2.373337146728911,
  "tapping.w_tap_deactivation": 0.44077163512435846,
  "tapping.w_tap_jump": 2.613164180358212,
  "legato.max_fret_distance": 6.274160798734887,
  "local_cost.high_fret_threshold": 13,
  "local_cost.preferred_min_fret": 4,
  "local_cost.preferred_max_fret": 13,
  "local_cost.high_string_threshold": 1,
  "transition_cost.jump_threshold": 3,
  "transition_cost.same_string_pitch_threshold": 2,
  "transition_cost.string_jump_threshold": 3,
  "transition_cost.streak_min_len": 3,
  "transition_cost.streak_speed_threshold": 608,
  "tapping.tap_min_fret": 7,
  "legato.speed_threshold": 666,
  "tapping.allow_tapping": true,
  "legato.allow_legato": true
}